,縣市,鄉鎮市區,村里,納稅單位,綜合所得總額,平均數,中位數,第17案同意票數,第17案有效票數,第17案同意率,第18案同意票數,第18案有效票數,第18案同意率,第19案同意票數,第19案有效票數,第19案同意率,第20案同意票數,第20案有效票數,第20案同意率
0,臺北市,士林區,永福里,402,1646295,4095,855,185.0,520.0,0.3558,199.0,521.0,0.382,202.0,520.0,0.3885,198.0,521.0,0.38
1,新竹市,東區,關新里,1817,5535453,3046,2596,950.0,1927.0,0.493,981.0,1921.0,0.5107,1088.0,1924.0,0.5655,965.0,1914.0,0.5042
2,新竹縣,竹北市,鹿場里,4342,11179339,2575,1961,2667.0,4845.0,0.5505,2750.0,4848.0,0.5672,2896.0,4846.0,0.5976,2680.0,4846.0,0.553
3,新竹縣,竹北市,中興里,3114,7851938,2521,1832,2001.0,3799.0,0.5267,2091.0,3796.0,0.5508,2239.0,3790.0,0.5908,2064.0,3788.0,0.5449
4,新竹縣,竹北市,東平里,5207,12953123,2488,2035,2676.0,5431.0,0.4927,2833.0,5440.0,0.5208,2973.0,5447.0,0.5458,2759.0,5437.0,0.5074
5,新竹縣,寶山鄉,三峰村,299,723120,2418,882,240.0,394.0,0.6091,249.0,399.0,0.6241,266.0,397.0,0.67,241.0,397.0,0.6071
6,臺北市,中正區,文北里,2153,5198472,2415,968,1185.0,2296.0,0.5161,1234.0,2303.0,0.5358,1263.0,2300.0,0.5491,1234.0,2290.0,0.5389
7,新北市,新店區,下城里,1002,2350387,2346,800,640.0,1276.0,0.5016,632.0,1283.0,0.4926,648.0,1277.0,0.5074,638.0,1279.0,0.4988
8,新竹市,東區,科園里,2628,6130592,2333,1212,1895.0,3215.0,0.5894,1954.0,3215.0,0.6078,2007.0,3219.0,0.6235,1929.0,3208.0,0.6013
9,新竹市,東區,豐功里,1711,3973913,2323,1590,1337.0,2283.0,0.5856,1371.0,2290.0,0.5987,1437.0,2295.0,0.6261,1376.0,2287.0,0.6017
10,新竹市,東區,龍山里,3875,8962230,2313,1931,2299.0,4327.0,0.5313,2379.0,4321.0,0.5506,2520.0,4325.0,0.5827,2236.0,4320.0,0.5176
11,新竹市,東區,光明里,1239,2723817,2198,1289,944.0,1457.0,0.6479,941.0,1456.0,0.6463,989.0,1456.0,0.6793,962.0,1458.0,0.6598
12,臺北市,中山區,成功里,2587,5679811,2196,1153,1201.0,2473.0,0.4856,1249.0,2485.0,0.5026,1303.0,2483.0,0.5248,1251.0,2478.0,0.5048
13,臺北市,信義區,安康里,3832,8391668,2190,987,2093.0,3903.0,0.5363,2146.0,3915.0,0.5481,2186.0,3911.0,0.5589,2137.0,3899.0,0.5481
14,臺北市,內湖區,金湖里,3572,7588398,2124,1158,2092.0,3782.0,0.5531,2127.0,3787.0,0.5617,2193.0,3787.0,0.5791,2127.0,3788.0,0.5615
15,新竹縣,竹北市,隘口里,1100,2330114,2118,1571,725.0,1311.0,0.553,740.0,1312.0,0.564,795.0,1317.0,0.6036,721.0,1310.0,0.5504
16,臺北市,松山區,松基里,1388,2911446,2098,819,715.0,1463.0,0.4887,745.0,1464.0,0.5089,744.0,1466.0,0.5075,744.0,1465.0,0.5078
17,臺北市,中山區,金泰里,2830,5937431,2098,1058,1520.0,2896.0,0.5249,1570.0,2898.0,0.5418,1588.0,2882.0,0.551,1571.0,2889.0,0.5438
18,新竹縣,竹北市,十興里,2897,6073653,2097,1665,1597.0,3046.0,0.5243,1704.0,3045.0,0.5596,1774.0,3055.0,0.5807,1663.0,3049.0,0.5454
19,新竹市,東區,東勢里,914,1913612,2094,1366,731.0,1448.0,0.5048,759.0,1448.0,0.5242,808.0,1449.0,0.5576,747.0,1448.0,0.5159
20,新北市,雙溪區,三貂里,61,126916,2081,477,45.0,107.0,0.4206,50.0,107.0,0.4673,51.0,107.0,0.4766,50.0,107.0,0.4673
21,臺北市,內湖區,寶湖里,3412,7100735,2081,1207,2065.0,3694.0,0.559,2118.0,3701.0,0.5723,2180.0,3693.0,0.5903,2126.0,3686.0,0.5768
22,新竹縣,竹北市,興安里,1405,2867210,2041,1410,896.0,1473.0,0.6083,907.0,1476.0,0.6145,951.0,1477.0,0.6439,911.0,1472.0,0.6189
23,臺北市,大安區,正聲里,1806,3665399,2030,881,995.0,1761.0,0.565,1033.0,1764.0,0.5856,1039.0,1766.0,0.5883,1020.0,1763.0,0.5786
24,新竹市,北區,大同里,323,654312,2026,845,217.0,383.0,0.5666,212.0,381.0,0.5564,221.0,384.0,0.5755,221.0,384.0,0.5755
25,臺北市,大安區,仁愛里,2059,4153950,2017,1000,1012.0,1910.0,0.5298,1019.0,1916.0,0.5318,1032.0,1914.0,0.5392,1015.0,1914.0,0.5303
26,臺中市,西屯區,惠來里,5709,11409479,1999,1092,3286.0,6200.0,0.53,3281.0,6210.0,0.5283,3338.0,6213.0,0.5373,3243.0,6197.0,0.5233
27,新北市,新店區,華城里,1020,2028273,1989,1116,773.0,1301.0,0.5942,795.0,1303.0,0.6101,812.0,1303.0,0.6232,807.0,1304.0,0.6189
28,臺北市,大安區,民炤里,3063,5999670,1959,992,1671.0,3229.0,0.5175,1715.0,3224.0,0.5319,1758.0,3233.0,0.5438,1719.0,3219.0,0.534
29,新竹市,東區,埔頂里,2224,4355057,1958,1607,1320.0,2639.0,0.5002,1360.0,2628.0,0.5175,1459.0,2628.0,0.5552,1305.0,2625.0,0.4971
30,新竹縣,寶山鄉,大崎村,765,1493061,1952,1139,559.0,877.0,0.6374,550.0,873.0,0.63,562.0,873.0,0.6438,536.0,872.0,0.6147
31,臺北市,信義區,興隆里,967,1875517,1940,847,597.0,1009.0,0.5917,607.0,1007.0,0.6028,619.0,1004.0,0.6165,616.0,1005.0,0.6129
32,新竹縣,竹北市,斗崙里,2825,5440764,1926,1359,1658.0,2994.0,0.5538,1734.0,3000.0,0.578,1813.0,3000.0,0.6043,1689.0,2991.0,0.5647
33,臺北市,大安區,古風里,1564,3005896,1922,902,935.0,1794.0,0.5212,966.0,1792.0,0.5391,1001.0,1792.0,0.5586,969.0,1795.0,0.5398
34,臺北市,中正區,南門里,941,1801442,1914,887,642.0,1119.0,0.5737,674.0,1119.0,0.6023,684.0,1120.0,0.6107,676.0,1119.0,0.6041
35,臺北市,大安區,民輝里,2566,4878840,1901,915,1404.0,2708.0,0.5185,1443.0,2710.0,0.5325,1488.0,2717.0,0.5477,1459.0,2709.0,0.5386
36,臺北市,大安區,建倫里,2319,4386578,1892,959,1231.0,2267.0,0.543,1246.0,2267.0,0.5496,1247.0,2265.0,0.5506,1240.0,2265.0,0.5475
37,高雄市,前鎮區,建隆里,442,835482,1890,1016,263.0,585.0,0.4496,265.0,584.0,0.4538,266.0,586.0,0.4539,255.0,583.0,0.4374
38,新竹縣,竹北市,中崙里,2526,4770225,1888,1357,1638.0,2827.0,0.5794,1692.0,2827.0,0.5985,1747.0,2828.0,0.6178,1676.0,2826.0,0.5931
39,臺北市,大安區,錦安里,2154,4024522,1868,985,1286.0,2353.0,0.5465,1332.0,2357.0,0.5651,1367.0,2355.0,0.5805,1338.0,2354.0,0.5684
40,臺北市,南港區,三重里,2801,5225294,1866,1045,1397.0,2705.0,0.5165,1457.0,2700.0,0.5396,1489.0,2702.0,0.5511,1450.0,2696.0,0.5378
41,臺北市,北投區,永欣里,3046,5683140,1866,1066,1683.0,3254.0,0.5172,1720.0,3259.0,0.5278,1756.0,3250.0,0.5403,1734.0,3251.0,0.5334
42,臺北市,大安區,義安里,2085,3844691,1844,917,1186.0,2073.0,0.5721,1219.0,2075.0,0.5875,1235.0,2074.0,0.5955,1218.0,2070.0,0.5884
43,新竹市,東區,綠水里,2362,4328968,1833,1209,1620.0,2868.0,0.5649,1688.0,2882.0,0.5857,1724.0,2876.0,0.5994,1682.0,2868.0,0.5865
44,臺北市,松山區,福成里,946,1732171,1831,899,496.0,1049.0,0.4728,516.0,1051.0,0.491,548.0,1056.0,0.5189,510.0,1050.0,0.4857
45,臺北市,士林區,臨溪里,1119,2038685,1822,883,600.0,1160.0,0.5172,596.0,1160.0,0.5138,606.0,1162.0,0.5215,603.0,1157.0,0.5212
46,臺北市,文山區,政大里,2547,4637166,1821,1207,1738.0,3003.0,0.5788,1792.0,3022.0,0.593,1849.0,3014.0,0.6135,1826.0,3013.0,0.606
47,臺南市,善化區,蓮潭里,1217,2215289,1820,1574,498.0,1371.0,0.3632,497.0,1362.0,0.3649,569.0,1370.0,0.4153,491.0,1365.0,0.3597
48,臺北市,信義區,三犁里,1940,3526756,1818,806,1131.0,2010.0,0.5627,1160.0,2014.0,0.576,1201.0,2010.0,0.5975,1151.0,2010.0,0.5726
49,臺北市,大安區,敦安里,2334,4242354,1818,995,1222.0,2345.0,0.5211,1264.0,2351.0,0.5376,1310.0,2361.0,0.5548,1270.0,2353.0,0.5397
50,新竹市,東區,親仁里,665,1208596,1817,1034,320.0,539.0,0.5937,310.0,538.0,0.5762,326.0,535.0,0.6093,310.0,535.0,0.5794
51,臺北市,松山區,中華里,2325,4211157,1811,1005,1435.0,2635.0,0.5446,1488.0,2642.0,0.5632,1493.0,2639.0,0.5657,1486.0,2635.0,0.5639
52,臺北市,大安區,龍安里,2342,4231126,1807,1012,1235.0,2440.0,0.5061,1293.0,2447.0,0.5284,1331.0,2437.0,0.5462,1295.0,2438.0,0.5312
53,新竹縣,竹北市,北興里,1990,3591668,1805,1373,1094.0,2184.0,0.5009,1147.0,2189.0,0.524,1229.0,2188.0,0.5617,1123.0,2179.0,0.5154
54,臺北市,大安區,仁慈里,1982,3559340,1796,952,1084.0,2172.0,0.4991,1112.0,2180.0,0.5101,1162.0,2174.0,0.5345,1135.0,2165.0,0.5242
55,臺北市,大安區,和安里,2427,4353291,1794,1041,1478.0,2631.0,0.5618,1498.0,2628.0,0.57,1558.0,2632.0,0.5919,1511.0,2629.0,0.5747
56,桃園市,龜山區,長庚里,1809,3235708,1789,1317,755.0,1768.0,0.427,801.0,1768.0,0.4531,828.0,1769.0,0.4681,807.0,1768.0,0.4564
57,高雄市,新興區,榮治里,232,415126,1789,806,153.0,332.0,0.4608,160.0,333.0,0.4805,157.0,331.0,0.4743,150.0,331.0,0.4532
58,新竹縣,竹北市,文化里,1310,2344027,1789,1099,775.0,1498.0,0.5174,917.0,1499.0,0.6117,944.0,1497.0,0.6306,903.0,1500.0,0.602
59,臺北市,中山區,永安里,3515,6266844,1783,1002,1979.0,3811.0,0.5193,1998.0,3828.0,0.5219,2060.0,3822.0,0.539,1993.0,3802.0,0.5242
60,臺北市,大安區,龍門里,1555,2767534,1780,1085,960.0,1840.0,0.5217,999.0,1848.0,0.5406,1002.0,1845.0,0.5431,1002.0,1847.0,0.5425
61,臺北市,南港區,重陽里,1990,3541690,1780,1059,1158.0,2102.0,0.5509,1201.0,2110.0,0.5692,1238.0,2106.0,0.5878,1186.0,2100.0,0.5648
62,新竹市,東區,柴橋里,2079,3642595,1752,892,1252.0,2308.0,0.5425,1280.0,2313.0,0.5534,1302.0,2313.0,0.5629,1269.0,2305.0,0.5505
63,臺北市,內湖區,南湖里,1976,3440872,1741,1124,1201.0,2133.0,0.5631,1232.0,2141.0,0.5754,1270.0,2144.0,0.5924,1232.0,2144.0,0.5746
64,臺北市,大安區,光明里,1297,2246154,1732,1096,782.0,1466.0,0.5334,824.0,1468.0,0.5613,831.0,1472.0,0.5645,827.0,1466.0,0.5641
65,臺北市,大安區,錦華里,2052,3539366,1725,1051,1312.0,2362.0,0.5555,1363.0,2365.0,0.5763,1403.0,2361.0,0.5942,1358.0,2359.0,0.5757
66,臺北市,大安區,德安里,2084,3570412,1713,893,1377.0,2293.0,0.6005,1436.0,2298.0,0.6249,1438.0,2295.0,0.6266,1423.0,2293.0,0.6206
67,新竹市,東區,東園里,2410,4120416,1710,1322,1355.0,2663.0,0.5088,1450.0,2665.0,0.5441,1504.0,2660.0,0.5654,1402.0,2650.0,0.5291
68,新竹縣,竹北市,東興里,2728,4661933,1709,1332,1413.0,2845.0,0.4967,1498.0,2850.0,0.5256,1555.0,2848.0,0.546,1441.0,2847.0,0.5061
69,新竹市,東區,育賢里,338,574430,1699,970,260.0,457.0,0.5689,256.0,455.0,0.5626,258.0,457.0,0.5646,254.0,454.0,0.5595
70,臺北市,信義區,景新里,1840,3119196,1695,886,1194.0,2039.0,0.5856,1209.0,2045.0,0.5912,1235.0,2045.0,0.6039,1231.0,2044.0,0.6023
71,新北市,新店區,中山里,1705,2888019,1694,1049,1565.0,2324.0,0.6734,1603.0,2327.0,0.6889,1643.0,2324.0,0.707,1617.0,2313.0,0.6991
72,新竹市,東區,仙水里,1721,2910650,1691,1185,1127.0,1989.0,0.5666,1157.0,1989.0,0.5817,1177.0,1988.0,0.5921,1164.0,1992.0,0.5843
73,臺北市,大安區,全安里,1669,2823065,1691,854,1026.0,1788.0,0.5738,1045.0,1786.0,0.5851,1066.0,1786.0,0.5969,1055.0,1781.0,0.5924
74,臺北市,大安區,車層里,2392,4043221,1690,880,1273.0,2435.0,0.5228,1307.0,2442.0,0.5352,1326.0,2446.0,0.5421,1295.0,2441.0,0.5305
75,臺北市,中正區,東門里,1423,2399294,1686,943,864.0,1500.0,0.576,902.0,1505.0,0.5993,909.0,1504.0,0.6044,878.0,1502.0,0.5846
76,臺北市,大安區,福住里,2276,3835015,1685,1017,1221.0,2381.0,0.5128,1269.0,2377.0,0.5339,1284.0,2372.0,0.5413,1266.0,2371.0,0.534
77,臺北市,內湖區,清白里,3241,5429764,1675,978,1920.0,3530.0,0.5439,1985.0,3536.0,0.5614,2015.0,3534.0,0.5702,1998.0,3537.0,0.5649
78,新北市,板橋區,福丘里,1806,3018264,1671,966,1050.0,2003.0,0.5242,1075.0,1996.0,0.5386,1118.0,2005.0,0.5576,1084.0,2008.0,0.5398
79,臺北市,大安區,龍生里,2387,3988748,1671,970,1553.0,2747.0,0.5653,1625.0,2758.0,0.5892,1630.0,2760.0,0.5906,1607.0,2751.0,0.5842
80,臺北市,松山區,中正里,3471,5786935,1667,1026,1654.0,3460.0,0.478,1714.0,3465.0,0.4947,1765.0,3468.0,0.5089,1726.0,3458.0,0.4991
81,臺北市,松山區,東榮里,2924,4853375,1660,912,1681.0,3396.0,0.495,1740.0,3400.0,0.5118,1778.0,3395.0,0.5237,1735.0,3402.0,0.51
82,臺北市,中山區,力行里,2413,3990206,1654,838,1102.0,2483.0,0.4438,1142.0,2485.0,0.4596,1196.0,2489.0,0.4805,1137.0,2479.0,0.4587
83,臺北市,大安區,錦泰里,1319,2181234,1654,1039,861.0,1496.0,0.5755,914.0,1494.0,0.6118,921.0,1495.0,0.6161,916.0,1491.0,0.6144
84,臺北市,中正區,南福里,3706,6110280,1649,1019,2364.0,4408.0,0.5363,2476.0,4416.0,0.5607,2499.0,4413.0,0.5663,2454.0,4410.0,0.5565
85,臺北市,中正區,新營里,3060,5043797,1648,1087,1893.0,3274.0,0.5782,1954.0,3275.0,0.5966,2037.0,3279.0,0.6212,1977.0,3276.0,0.6035
86,臺北市,松山區,民有里,3422,5637140,1647,849,1797.0,3779.0,0.4755,1856.0,3790.0,0.4897,1903.0,3785.0,0.5028,1864.0,3790.0,0.4918
87,新竹市,東區,關東里,1751,2870188,1639,923,1161.0,1959.0,0.5926,1196.0,1955.0,0.6118,1215.0,1959.0,0.6202,1177.0,1954.0,0.6024
88,新竹市,東區,錦華里,681,1115909,1639,873,497.0,847.0,0.5868,504.0,848.0,0.5943,521.0,852.0,0.6115,493.0,844.0,0.5841
89,臺北市,中正區,三愛里,3146,5137252,1633,922,1737.0,3374.0,0.5148,1836.0,3387.0,0.5421,1843.0,3389.0,0.5438,1794.0,3382.0,0.5305
90,臺北市,大安區,龍雲里,1813,2953613,1629,866,1061.0,1994.0,0.5321,1106.0,1997.0,0.5538,1099.0,1991.0,0.552,1123.0,1996.0,0.5626
91,臺北市,士林區,天母里,2480,4033011,1626,880,1326.0,2684.0,0.494,1376.0,2687.0,0.5121,1418.0,2687.0,0.5277,1378.0,2679.0,0.5144
92,臺北市,松山區,精忠里,1577,2562417,1625,982,953.0,1781.0,0.5351,980.0,1779.0,0.5509,997.0,1784.0,0.5589,975.0,1772.0,0.5502
93,臺北市,士林區,天壽里,1893,3059189,1616,923,980.0,2068.0,0.4739,1011.0,2070.0,0.4884,1040.0,2071.0,0.5022,1037.0,2067.0,0.5017
94,新竹市,東區,金山里,1927,3103711,1611,991,1311.0,2134.0,0.6143,1337.0,2145.0,0.6233,1367.0,2142.0,0.6382,1303.0,2134.0,0.6106
95,臺北市,大安區,敦煌里,2261,3637929,1609,956,1229.0,2336.0,0.5261,1242.0,2342.0,0.5303,1290.0,2343.0,0.5506,1252.0,2338.0,0.5355
96,臺北市,士林區,陽明里,994,1591792,1601,711,505.0,1111.0,0.4545,511.0,1116.0,0.4579,519.0,1105.0,0.4697,511.0,1111.0,0.4599
97,臺北市,大安區,龍圖里,2564,4097363,1598,897,1559.0,2699.0,0.5776,1566.0,2708.0,0.5783,1583.0,2698.0,0.5867,1581.0,2696.0,0.5864
98,臺北市,大安區,龍坡里,2100,3355350,1598,998,1261.0,2339.0,0.5391,1312.0,2353.0,0.5576,1378.0,2355.0,0.5851,1323.0,2345.0,0.5642
99,桃園市,中壢區,金華里,1690,2700808,1598,1061,1260.0,2073.0,0.6078,1292.0,2077.0,0.6221,1322.0,2076.0,0.6368,1312.0,2075.0,0.6323
100,,,,,,,,122120.0,228070.0,0.5354,126067.0,228384.0,0.552,129824.0,228344.0,0.5685,125419.0,227980.0,0.5501
